{
  "hybrid": {
    "retrieval": {
      "recall_at_k": 0.4323957742314723,
      "hit_at_k": 0.8936987257811136,
      "mrr_at_k": 0.8205242334322452,
      "ndcg_at_k": 0.8637838571163265
    },
    "answer": {
      "token_f1": 0.18752494189837518,
      "citation_doc_precision": 0.7282081938466444
    },
    "efficiency": {
      "avg_latency_ms": 10616.22898004926,
      "p95_latency_ms": 20095.721599925306
    }
  },
  "hybrid_rerank": {
    "retrieval": {
      "recall_at_k": 0.46910403653837607,
      "hit_at_k": 0.9284342817245592,
      "mrr_at_k": 0.879615406993658,
      "ndcg_at_k": 0.9496794010899025
    },
    "answer": {
      "token_f1": 0.19770743451372544,
      "citation_doc_precision": 0.7702419288250351
    },
    "efficiency": {
      "avg_latency_ms": 18602.758770553457,
      "p95_latency_ms": 19353.9565000101
    }
  }
}