{
  "naive_rag": {
    "metrics": {
      "factscore_proxy_f1": 0.2151089894975122,
      "citation_precision": 0.8044827586206896,
      "abstention_rate": 0.0,
      "correct_rate": 0.535
    }
  },
  "self_rag_wo_weight": {
    "metrics": {
      "factscore_proxy_f1": 0.22561825478512973,
      "citation_precision": 0.8095238095238095,
      "abstention_rate": 0.0,
      "correct_rate": 0.605
    }
  },
  "self_rag_full": {
    "metrics": {
      "factscore_proxy_f1": 0.233264361242572,
      "citation_precision": 0.8451536643026004,
      "abstention_rate": 0.0,
      "correct_rate": 0.62
    }
  },
  "comparison": {
    "wo_weight_vs_naive": {
      "fix_rate": 0.21505376344086022,
      "introduce_rate": 0.056074766355140186,
      "delta_correct_rate": 0.06999999999999995,
      "n_fix": 20,
      "n_introduce": 6,
      "n_discordant": 26,
      "paired_sign_pvalue": 0.009355306625366211
    },
    "full_vs_naive": {
      "fix_rate": 0.27956989247311825,
      "introduce_rate": 0.08411214953271028,
      "delta_correct_rate": 0.08499999999999996,
      "n_fix": 26,
      "n_introduce": 9,
      "n_discordant": 35,
      "paired_sign_pvalue": 0.005988120567053557
    }
  }
}